facility_pfi,facility_name,facility_network,staffed_acute_care_beds,staffed_icu_beds,free_ward_beds,free_icu_beds,baseline_ward_occupancy,baseline_icu_occupancy,system_label,routed_ward_admissions,routed_icu_admissions,peak_ward_census,peak_icu_census,days_ward_at_capacity,days_icu_at_capacity
1629,JAMAICA HOSPITAL MEDICAL CENTER (1629),MEDISYS HEALTH NETWORK,323,26,65.24599999999998,5.355999999999999,0.798,0.794,MEDISYS HEALTH NETWORK,555.4869353643796,82.1547955485106,34.27462203308724,4.768651485273175,0,0
1286,BROOKDALE HOSPITAL MEDICAL CENTER (1286),ONE BROOKLYN HEALTH,311,33,62.82199999999999,6.797999999999998,0.798,0.794,ONE BROOKLYN HEALTH,540.3831545419999,89.05917995050132,33.34268944205695,5.977011167086459,0,0
1628,FLUSHING HOSPITAL MEDICAL CENTER (1628),MEDISYS HEALTH NETWORK,184,20,37.16799999999999,4.119999999999999,0.798,0.794,MEDISYS HEALTH NETWORK,470.293786753639,65.99765895835858,29.018039416024692,3.6478875436514286,0,0
1626,ELMHURST HOSPITAL CENTER (1626),NYC H+H,457,36,92.31399999999998,7.415999999999999,0.798,0.794,NYC H+H,461.74492303167875,88.20925338159437,28.49055793225162,6.50801663124205,0,0
1294,CONEY ISLAND HOSPITAL (1294),NYC H+H,348,39,70.29599999999999,8.033999999999999,0.798,0.794,NYC H+H,432.98948044714103,73.80832565135597,26.716291314563023,5.680390107778273,0,0
1305,MAIMONIDES MC (1305),MAIMONIDES HEALTH,612,67,123.62399999999997,13.801999999999998,0.798,0.794,MAIMONIDES HEALTH,430.41429466991553,72.30960150454581,26.557397354038983,5.203486195389019,0,0
3058,MONTEFIORE MC: WEILER HOSPITAL (3058),MONTEFIORE HEALTH SYSTEM,387,32,78.17399999999998,6.591999999999999,0.798,0.794,MONTEFIORE HEALTH SYSTEM,425.67218918837057,71.51292778364625,26.264800242075694,5.14615659292026,0,0
1633,QUEENS HOSPITAL CENTER (1633),NYC H+H,244,16,49.28799999999999,3.2959999999999994,0.798,0.794,NYC H+H,378.34672757465097,52.92797231725725,23.344727408521777,2.916190170617149,0,0
1692,WOODHULL MEDICAL & MENTAL HEALTH (1692),NYC H+H,247,21,49.89399999999999,4.325999999999999,0.798,0.794,NYC H+H,351.10203376969923,57.50083537808858,21.663676922682043,3.8082351878184753,0,0
1176,SBH HEALTH SYSTEM (1176),SBH HEALTH,311,16,62.82199999999999,3.2959999999999994,0.798,0.794,SBH HEALTH,330.44746226882154,49.85597291228764,20.389249773493418,2.946598756149818,0,0
1438,BELLEVUE HOSPITAL CENTER (1438),NYC H+H,755,73,152.50999999999996,15.037999999999997,0.798,0.794,NYC H+H,313.0225752188232,52.5877926367623,19.314100423282014,3.7842810268311347,0,0
1304,NYU LANGONE: BROOKLYN (1304),NYU LANGONE,366,33,73.93199999999999,6.797999999999998,0.798,0.794,NYU LANGONE,297.7992452581154,50.030273203363386,18.374791418388895,3.600238841710066,0,0
1469,MOUNT SINAI: MORNINGSIDE (1469),MOUNT SINAI HEALTH SYSTEM,333,39,67.26599999999999,8.033999999999999,0.798,0.794,MOUNT SINAI HEALTH SYSTEM,285.69820557970303,47.997298537390115,17.62813378383464,3.4539435311308395,0,0
1309,INTERFAITH MEDICAL CENTER (1309),ONE BROOKLYN HEALTH,161,25,32.52199999999999,5.149999999999999,0.798,0.794,ONE BROOKLYN HEALTH,270.56089644167406,45.50676484548317,16.694132430655017,3.323475536544535,0,0
1320,UNIVERSITY: SUNY DOWNSTATE (1320),SUNY DOWNSTATE,223,26,45.04599999999999,5.355999999999999,0.798,0.794,SUNY DOWNSTATE,260.87764958510417,44.812089563616674,16.096657305800264,3.562983069777136,0,0
1639,MOUNT SINAI HOSPITAL OF QUEENS (1639),MOUNT SINAI HEALTH SYSTEM,157,7,31.71399999999999,1.4419999999999997,0.798,0.794,MOUNT SINAI HEALTH SYSTEM,260.1423210101206,27.55086382737973,16.051286105555647,1.280013191668572,0,0
1637,NYP: QUEENS (1637),NEW YORK - PRESBYTERIAN,519,71,104.83799999999998,14.625999999999998,0.798,0.794,NEW YORK - PRESBYTERIAN,259.5553082409446,65.080554800252,16.015066278389227,7.705357185071286,0,0
1318,WYCKOFF HEIGHTS MC (1318),INDEPENDENT,168,16,33.93599999999999,3.2959999999999994,0.798,0.794,WYCKOFF HEIGHTS MC (1318),258.5376684156711,42.78336171476679,15.952275926075714,2.9088784546328554,0,0
1464,NYP: COLUMBIA CENTER (1464),NEW YORK - PRESBYTERIAN,745,116,150.48999999999998,23.895999999999994,0.798,0.794,NEW YORK - PRESBYTERIAN,257.5669939808417,57.15920750660958,15.892383429505799,4.113245558147916,0,0
3975,NYP: ALLEN HOSPITAL (3975),NEW YORK - PRESBYTERIAN,178,10,35.95599999999999,2.0599999999999996,0.798,0.794,NEW YORK - PRESBYTERIAN,253.83621883843173,34.148008046030725,15.662187362315365,1.8251278723894773,0,0
1437,NYP: LOWER MANHATTAN (1437),NEW YORK - PRESBYTERIAN,147,20,29.693999999999996,4.119999999999999,0.798,0.794,NEW YORK - PRESBYTERIAN,252.5337830045059,42.425675544757,15.581824543519502,3.0530028161380187,0,0
1288,BROOKLYN CENTER DOWNTOWN (1288),INDEPENDENT,181,17,36.56199999999999,3.5019999999999993,0.798,0.794,BROOKLYN CENTER DOWNTOWN (1288),252.20916048769647,42.37113896193301,15.56179470418624,3.049078297817303,0,0
1178,BRONXCARE CENTER CONCOURSE (1178),INDEPENDENT,479,37,96.75799999999998,7.621999999999998,0.798,0.794,BRONXCARE CENTER CONCOURSE (1178),240.2642672132193,81.70731751202754,14.824771605812714,6.432088312956282,0,0
1293,MAIMONIDES MIDWOOD COMMUNITY (1293),MAIMONIDES HEALTH,120,6,24.239999999999995,1.2359999999999998,0.798,0.794,MAIMONIDES HEALTH,238.0986102109412,24.126765033906718,14.691146365540064,1.0972225437097096,0,0
1466,MOUNT SINAI: WEST (1466),MOUNT SINAI HEALTH SYSTEM,388,32,78.37599999999998,6.591999999999999,0.798,0.794,MOUNT SINAI HEALTH SYSTEM,225.5571705954093,37.893604660028764,13.917315200111872,2.7268695254750206,0,0
1738,RICHMOND UNIVERSITY MC (1738),INDEPENDENT,311,33,62.82199999999999,6.797999999999998,0.798,0.794,RICHMOND UNIVERSITY MC (1738),222.2420461900154,37.33666375992259,13.712765590114287,2.686791386126295,0,0
1164,BRONXCARE CENTER FULTON MANDY (1164),INDEPENDENT,143,0,28.885999999999996,0.0,0.798,0.794,BRONXCARE CENTER FULTON MANDY (1164),213.94713659602292,0.0,13.200953568925655,0.0,0,0
1172,LINCOLN MEDICAL & MENTAL HEALTH (1172),NYC H+H,346,34,69.89199999999998,7.003999999999999,0.798,0.794,NYC H+H,205.06540556210481,46.02249644219597,12.652933525956698,3.3118343889538906,0,0
1456,MOUNT SINAI HOSPITAL (1456),MOUNT SINAI HEALTH SYSTEM,762,95,153.92399999999998,19.569999999999997,0.798,0.794,MOUNT SINAI HEALTH SYSTEM,187.35120157283185,31.475729627695223,11.559932759069042,2.265706885078581,0,0
1324,MOUNT SINAI: BROOKLYN (1324),MOUNT SINAI HEALTH SYSTEM,189,21,38.17799999999999,4.325999999999999,0.798,0.794,MOUNT SINAI HEALTH SYSTEM,185.28863871434413,46.44621174420589,11.432668627559323,3.8005136165689706,0,0
1638,LONG ISLAND JEWISH: FOREST HILLS (1638),NORTHWELL HEALTH,227,18,45.85399999999999,3.7079999999999993,0.798,0.794,NORTHWELL HEALTH,178.71228540213113,38.26519584238874,11.026894864429693,3.3091665485512927,0,0
1635,ST. JOHN'S EPISCOPAL: SOUTH SHORE (1635),INDEPENDENT,220,16,44.43999999999999,3.2959999999999994,0.798,0.794,ST. JOHN'S EPISCOPAL: SOUTH SHORE (1635),172.4365350149242,35.931747815974234,10.63966888520045,2.8966539647639085,0,0
1740,STATEN ISLAND UNIVERSITY: NORTH (1740),NORTHWELL HEALTH,511,68,103.22199999999998,14.007999999999997,0.798,0.794,NORTHWELL HEALTH,160.53944958551898,26.97062753036719,9.905595623656097,1.9408389081831956,0,0
1169,MONTEFIORE MC: HENRY & LUCY MOSES (1169),MONTEFIORE HEALTH SYSTEM,663,83,133.92599999999996,17.097999999999995,0.798,0.794,MONTEFIORE HEALTH SYSTEM,152.3620102687517,25.596817725150288,9.401031746565366,1.8419778965361218,0,0
1445,HARLEM HOSPITAL CENTER (1445),NYC H+H,205,0,41.40999999999999,0.0,0.798,0.794,NYC H+H,151.54440967613417,0.0,9.350584203154455,0.0,0,0
1463,NYU LANGONE: TISCH (1463),NYU LANGONE,618,125,124.83599999999997,25.749999999999996,0.798,0.794,NYU LANGONE,147.36203922218695,24.756822589327406,9.092523828759923,1.7815308327644637,0,0
1450,LENOX HILL HOSPITAL (1450),NORTHWELL HEALTH,431,48,87.06199999999998,9.887999999999998,0.798,0.794,NORTHWELL HEALTH,139.6351994233304,23.458713503119505,8.615762816473818,1.68811733622117,0,0
1165,JACOBI MEDICAL CENTER (1165),NYC H+H,368,44,74.33599999999998,9.063999999999998,0.798,0.794,NYC H+H,138.97967465711915,23.34858534239602,8.575315666118264,1.680192380860822,0,0
1454,METROPOLITAN HOSPITAL CENTER (1454),NYC H+H,217,10,43.83399999999999,2.0599999999999996,0.798,0.794,NYC H+H,135.50264026737892,25.3197992227577,8.360775895842288,1.8263252957719018,0,0
1168,MONTEFIORE MC: WAKEFIELD HOSPITAL (1168),MONTEFIORE HEALTH SYSTEM,292,16,58.98399999999999,3.2959999999999994,0.798,0.794,MONTEFIORE HEALTH SYSTEM,112.1662883884573,18.843936449260827,6.920877692374191,1.3560324098087086,0,0
1306,NYP: BROOKLYN METHODIST (1306),NEW YORK - PRESBYTERIAN,514,34,103.82799999999997,7.003999999999999,0.798,0.794,NEW YORK - PRESBYTERIAN,100.15555193317776,16.826132724773863,6.179791941952914,1.210828818488788,0,0
1737,STATEN ISLAND UNIVERSITY: SOUTH (1737),NORTHWELL HEALTH,130,16,26.259999999999994,3.2959999999999994,0.798,0.794,NORTHWELL HEALTH,84.09644502823464,14.12820276474342,5.188913877476352,1.0166825224085594,0,0
1301,KINGS COUNTY HOSPITAL CENTER (1301),NYC H+H,478,40,96.55599999999998,8.239999999999998,0.798,0.794,NYC H+H,75.53566516557316,13.430537327051802,4.6606971446945025,1.1209383223235,0,0
10139,NYP: KOCH CENTER (10139),NEW YORK - PRESBYTERIAN,181,0,36.56199999999999,0.0,0.798,0.794,NEW YORK - PRESBYTERIAN,69.24651150157732,0.0,4.272644157273529,0.0,0,0
1458,NYP: WEILL CORNELL MC (1458),NEW YORK - PRESBYTERIAN,621,102,125.44199999999998,21.011999999999997,0.798,0.794,NEW YORK - PRESBYTERIAN,67.53270352901997,25.64627111016608,4.166898879109311,2.2983852478818445,0,0
1186,NORTH CENTRAL BRONX HOSPITAL (1186),NYC H+H,202,44,40.80399999999999,9.063999999999998,0.798,0.794,NYC H+H,23.64883608382606,12.728880257708123,1.4591790853980733,1.7554602849487484,0,0
